title,publisher,capital,rank,dl,rating,review,tag1,tag2,tag3,tag4,tag5,tag6
Uma Musume Pretty Derby,"Cygames, Inc.",Public,4.973 ,1000000,4 ,97100,Simulation,Breeding,Stylized,Anime,-,-
Fate / Grand Order,Aniplex Inc.,Public,8.272 ,1000000,3.8,169000,Role Playing,Turn-based RPG,Single player,Stylized,Anime,-
Monster Strike,"XFLAG, Inc.",Public,4.768 ,10000000,4,785000,Role Playing,Puzzle Role-playing,Physics-puzzle RPG,Single player,Stylized,Anime
Pokémon GO,"Niantic, Inc.",Public,10.194 ,100000000,3.7,15400000,Action,Action-adventure,Multiplayer,Competitive multiplayer,Stylized,Anime
Professional Baseball Spirits A,KONAMI,Public,5.984 ,1000000,4.2,91800,Sports,Baseball,Multiplayer,Competitive multiplayer,Single player,Realistic
Knives Out,NetEase Games,Public,10.445 ,10000000,3.9,559000,Adventure,-,-,-,-,-
Magia Record: Puella Magi Madoka Magica Side Story,Aniplex Inc.,Public,34.800 ,1000000,4.2,84100,Role Playing,Turn-based RPG,Single player,Stylized,Anime,-
Puzzle & Dragons,"GungHo Online Entertainment, Inc.",Public,7.597 ,10000000,4.9,142000,Puzzle,Jigsaw,Casual,Single player,Realistic,Offline
Genshin Impact,miHoYo Limited,Private,9.717 ,50000000,4.4,3810000,Role Playing,Action Role-Playing,Single player,Stylized,Anime,-
Dragon Quest Walk,SQUARE ENIX,Public,10.856 ,1000000,3.5,68500,Role Playing,Turn-based RPG,Single player,Stylized,Anime,-
Ensemble Stars! !! Music,Happy Elements K.K,Private,16.009 ,500000,4.5,19800,Music,Performance,Single player,Stylized,Anime,-
Abandoned Girl: Moehime's Story,C4 CONNECT K.K.,Private,17.271 ,1000000,4.1,96900,Role Playing,Idle RPG,Single player,Stylized,Anime,-
Mafia City: War of Underworld,YOTTA GAMES PTE LTD,Private,23.415 ,100000000,4.1,1280000,Strategy,Build & battle,Casual,Multiplayer,Competitive multiplayer,Single player
Homescapes,Playrix,Private,26.450 ,100000000,3.9,11600000,Puzzle,Match 3,Match 3 adventure,Casual,Single player,Stylized
Puzzles & Survival,37GAMES,Private,15.389 ,10000000,3.9,242000,Role Playing,Puzzle Role-playing,Match 3 RPG,Single player,Stylized,-
LINE: Disney Tsum Tsum,LINE Corporation,Public,22.995 ,10000000,3.8,1220000,Puzzle,-,-,-,-,-
Project Sekai: Colorful Stage! feat. Hatsune Miku,SEGA CORPORATION,Public,19.466 ,1000000,4.4,97300,Music,Rhythm-action,Single player,Stylized,Anime,-
LINE PokoPoko,LINE Corporation,Public,25.565 ,10000000,4.1,453000,Puzzle,Match 3,Casual,Stylized,Cartoon,-
Toon Blast,Peak Games,Public,35.229 ,50000000,4.2,3740000,Puzzle,Pair matching,Casual,Single player,Stylized,Cartoon
Onegai President!,Hong Kong Just Game Technology Limited,Private,34.855 ,500000,3.9,14300,Simulation,Management,Tycoon,Single player,Stylized,-
Sangokushi Shinsen,Qookka Entertainment Limited,Private,25.972 ,100000,4.3,15800,Strategy,Wargame,Single player,Stylized,Stylized-realistic,-
Rise of Kingdoms: Lost Crusade,LILITH TECHNOLOGY HONG KONG LIMITED,Private,37.353 ,500000,4,11800,Strategy,Build & battle,Single player,Multiplayer,Stylized,-
Identity V,NetEase Games,Public,31.635 ,10000000,3.5,778000,Strategy,Asymmetrical battle arena,Casual,Multiplayer,Competitive multiplayer,Stylized
Idolish7,BANDAI NAMCO Online Inc.,Public,31.250 ,500000,4.6,48200,Music,Performance,Stylized,Anime,-,-
Yo-Kai Watch Punipuni,Level-5 Inc.,Private,31.602 ,5000000,4,299000,Puzzle,Match 3,Casual,Single player,Stylized,Anime
Ni no Kuni: Cross Worlds,Netmarble Corporation,Public,36.316 ,1000000,3.3,69500,Role Playing,Action Role-Playing,Stylized,Anime,-,-
My Hero Academia ULTRA IMPACT,BANDAI NAMCO Entertainment Inc.,Public,32.474 ,500000,3.8,12200,Role Playing,Turn-based RPG,Single player,Stylized,Anime,-
Romance of the Three Kingdoms,"KOEI TECMO GAMES CO., LTD.",Public,31.252 ,100000,3.9,11500,Strategy,Single player,Stylized,Stylized-realistic,-,-
PUBG MOBILE,KRAFTON Inc,Public,35.679 ,10000000,4.3,1230000,Action,Shooter,Tactical shooter,Casual,Multiplayer,Competitive multiplayer
Call of Duty: Mobile,"Activision Publishing, Inc.",Public,35.985 ,100000000,3.6,15400000,Action,Shooter,Tactical shooter,Casual,Multiplayer,Competitive multiplayer
BanG Dream! Girls Band,Craft Egg Inc.,Public,30.342 ,1000000,4.3,133000,Music,Performance,Single player,Stylized,Anime,-
Arknights,"Yostar, Inc.",Private,25.721 ,1000000,4.6,27000,Strategy,Tower defense,Single player,Stylized,Anime,-
A3!,Liberent,Public,37.667 ,500000,4.5,13900,Simulation,Single player,Stylized,Anime,-,-
Age of Z Origins: Tower Defense,CAMEL GAMES LIMITED,Private,27.737 ,10000000,4,477000,Strategy,4X,Multiplayer,Competitive multiplayer,Single player,Stylized
Dragon Ball Legends,BANDAI NAMCO Entertainment Inc.,Public,23.576 ,1000000,3.9,82900,Action,Fighting,Multiplayer,Competitive multiplayer,Single player,Stylized
Gardenscapes,Playrix,Private,35.510 ,100000000,3.9,11600000,Puzzle,Match 3,Match 3 adventure,Casual,Single player,Stylized
Shadowverse,"Cygames, Inc.",Public,29.117 ,1000000,3.2,65800,Card,Card battler,Casual,Stylized,Anime,-
THE IDOLM @ STER CINDERELLA GIRLS STARLIGHT STAGE,BANDAI NAMCO Entertainment Inc.,Public,30.417 ,1000000,4.2,66700,Music,Performance,Single player,Stylized,Anime,-
eFootball PES 2021,KONAMI,Public,27.911 ,100000000,3.7,10700000,Sports,Soccer,Multiplayer,Competitive multiplayer,Single player,Realistic
Magic Sword Legend,4399TH,Private,39.795 ,500000,3,23700,Role Playing,Single player,Stylized,Stylized-realistic,-,-
Toho Danmakkagra (Dankag),"DeNA Co., Ltd.",Public,38.000 ,100000,3.7,6210,Action,Platformer,Single player,Stylized,Anime,-
Project Makeover,"Magic Tavern, Inc.",Public,41.750 ,50000000,4,659000,Puzzle,Match 3,Match 3 adventure,Casual,Single player,Stylized
Sengoku Enbu - KIZNA -,Sumzap Inc.,Private,39.552 ,1000000,3.7,13500,Role Playing,Single player,Stylized,-,-,-
Alchemy Stars,PROXIMA BETA PTE.LIMITED,Public,31.857 ,1000000,4.4,197000,Role Playing,Tactical,Single player,Stylized,Anime,-
Seven Deadly Sins: Grand Cross,Netmarble Corporation,Public,29.281 ,1000000,4.1,73100,Role Playing,Turn-based RPG,Stylized,Anime,-,-
Dragon Quest of the Stars,SQUARE ENIX,Public,31.547 ,1000000,3.5,105000,Role Playing,Action-strategy,Single player,Stylized,Anime,-
ONE PIECE Bounty Rush,BANDAI NAMCO Entertainment Inc.,Public,21.108 ,1000000,4.3,46900,Action,Fighting,Multiplayer,Stylized,Anime,-
Super Robot Wars DD,BANDAI NAMCO Entertainment Inc.,Public,38.417 ,100000,3.3,15300,Role Playing,Tactical,Single player,Stylized,Anime,-
Lords Mobile: Tower Defense,IGG.COM,Public,41.593 ,100000000,4.2,8010000,Strategy,4X,Casual,Multiplayer,Competitive multiplayer,Single player
Fishdom,Playrix,Private,42.484 ,100000000,4.2,5740000,Puzzle,Match 3,Match 3 adventure,Single player,Stylized,Offline
eBaseball Powerful Pro Baseball,KONAMI,Public,25.562 ,5000000,4.4,96500,Sports,Baseball,Single player,Stylized,Anime,-
Disney Twisted Wonderland,Aniplex Inc.,Public,25.328 ,1000000,4.1,64600,Role Playing,Turn-based RPG,Single player,Stylized,Anime,-
#COMPASS*—Combat Providence Analysis System,NHN PlayArt 株式会社,Public,30.333 ,100000,3.9,9380,Productivity,-,-,-,-,-
Pocolon Dungeons,"Grenge, Inc.",Private,35.583 ,1000000,3.9,82700,Role Playing,Puzzle Role-playing,Match 3 RPG,Single player,Stylized,Anime
Call of Duty: Mobile,"Activision Publishing, Inc.",Public,35.985 ,100000000,3.6,15400000,Action,Shooter,Tactical shooter,Casual,Multiplayer,Competitive multiplayer
The Wizard's Promise,"coly, Inc.",Public,30.135 ,100000,4.4,6290,Simulation,Single player,Stylized,Anime,-,-
Rise-Hana and Takeshi no Sengoku,YOOZOO (SINGAPORE) PTE. LTD.,Public,43.283 ,1000000,3.7,15000,Simulation,Life,Empire building,Single player,Stylized,Anime
Daily Interior,Ujoy,Private,44.182 ,1000000,4.2,20800,Simulation,Life,Empire building,Single player,Stylized,Stylized-realistic
Assault Lily Last Bullet,"Pokelabo, Inc.",Public,39.850 ,100000,3.4,12800,Role Playing,Stylized,Anime,-,-,-
Shishi no Gotoku: Sengoku Haō Senki,Six Waves Inc.,Public,36.692 ,500000,4.4,7960,Strategy,Single player,Multiplayer,Stylized,Stylized-realistic,-
One Piece: Thousand Storm,BANDAI NAMCO Entertainment Inc.,Public,31.590 ,1000000,3.6,44300,Role Playing,Turn-based RPG,Stylized,Anime,-,-
La Corda D'oro Starlight Orchestra,"KOEI TECMO GAMES CO., LTD.",Public,38.500 ,50000,3.8,1520,Simulation,Life,Single player,Stylized,Anime,-
Nogisaka-like Fractal,gumi Inc.,Public,41.000 ,100000,4.1,3470,Music,Performance,Stylized,Anime,-,-
Dragon Quest Tact,SQUARE ENIX,Public,23.397 ,1000000,3.7,50300,Role Playing,Tactical,Single player,Stylized,Anime,-
Jikkyou Powerful Soccer,KONAMI,Public,36.400 ,1000000,4.1,26300,Sports,Soccer,Single player,Stylized,Anime,-
Monster Hunter Riders,CAPCOM,Public,44.000 ,50000,3.6,815,Role Playing,Action Role-Playing,Single player,Stylized,Anime,-
Kyoutou Kotoba RPG: Kotodaman,"XFLAG, Inc.",Public,34.057 ,1000000,3.5,50800,Role Playing,Puzzle Role-playing,Single player,Stylized,Anime,-
Granblue fantasy,"Cygames, Inc.",Public,25.468 ,1000000,4.1,390000,Role Playing,Turn-based RPG,Single player,Stylized,Anime,-
DanMachi - MEMORIA FREESE,"WFS, Inc.",Public,36.000 ,500000,3.5,15400,Role Playing,-,-,-,-,-
Ash Tale -Wind Continent,"X-LEGEND ENTERTAINMENT CO., LTD.",Public,34.677 ,500000,4,17900,Role Playing,MMORPG,Multiplayer,Single player,Stylized,Anime
LifeAfter ,NetEase Games,Public,38.466 ,10000000,3.9,701000,Role Playing,MMORPG,Multiplayer,Realistic,-,-
Dai Sangokushi,NetEase Games,Public,38.125 ,500000,4.3,16600,Strategy,Wargame,Multiplayer,Competitive multiplayer,Single player,Stylized
Mini 4WD Hyper Dash Grand Prix,BANDAI NAMCO Entertainment Inc.,Public,37.500 ,500000,3.7,24000,Racing,-,-,-,-,-
Lineage2M,NCSOFT,Public,45.250 ,100000,3.3,4650,Role Playing,MMORPG,Single player,Multiplayer,Realistic,-
Code: D-Blood,Sixjoy Hong Kong Limited,Public,39.167 ,500000,4,23300,Role Playing,-,-,-,-,-
Romancing SaGa Re;univerSe,SQUARE ENIX,Public,22.276 ,1000000,3.8,75900,Role Playing,Turn-based RPG,Single player,Stylized,Pixelated,-
Duel Masters Play's,"TOMY Company, Ltd.",Public,28.225 ,500000,3.9,20200,Card,Card battler,-,-,-,-
Dragon Ball Z Dokkan Battle,BANDAI NAMCO Entertainment Inc.,Public,15.598 ,5000000,4.2,229000,Role Playing,Puzzle Role-playing,Single player,Stylized,Anime,-
Mahjong Soul,"Yostar, Inc.",Private,28.224 ,1000000,3.8,75700,Board,Abstract strategy,Mahjong,Multiplayer,Competitive multiplayer,Stylized
Pokémon Masters EX ,"DeNA Co., Ltd.",Public,32.755 ,10000000,4.2,485000,Role Playing,Turn-based RPG,Single player,Stylized,Anime,-
Last Cloudia,AIDIS Inc.,Private,36.000 ,500000,3.4,16600,Role Playing,Action-strategy,Single player,Stylized,Pixelated,-
Utano☆Princesama: Shining Live,KLab Inc.,Public,38.714 ,100000,4.1,9900,Music,Performance,Single player,Stylized,Anime,-
Re:Zero − Starting Life in Another World ,SEGA CORPORATION,Public,36.650 ,100000,3.7,17800,Role Playing,Turn-based RPG,Single player,Stylized,Anime,-
Blue Archive,"Yostar, Inc.",Private,27.063 ,500000,4.1,21900,Role Playing,Action-strategy,Single player,Stylized,Anime,-
Hero Wars - Fantasy World ,Nexters Global LTD,Private,26.185 ,50000000,4.1,1530000,Role Playing,Action-strategy,Single player,Stylized,-,-
One Piece Treasure Cruise,BANDAI NAMCO Entertainment Inc.,Public,22.942 ,1000000,4.3,459000,Role Playing,Turn-based RPG,Single player,Stylized,Anime,-
Figure Story,Nuverse (Hong Kong) Limited,Public,46.000 ,100000,4,7750,Role Playing,Action-strategy,Single player,Stylized,Anime,-
Fist of the North Star: Legends ReVIVE,SEGA,Public,43.829 ,100000,3.5,18700,Role Playing,Turn-based RPG,Single player,Multiplayer,Stylized,Anime
Sky: Children of the Light ,"Thatgamecompany, Inc.",Private,24.806 ,10000000,4.3,855000,Adventure,Casual,Single player,Stylized,-,-
Jumputi Heroes,LINE,Public,36.760 ,1000000,3.9,33900,Role Playing,Puzzle Role-playing,Single player,Stylized,Anime,-
Another Eden: The Cat Beyond Time and Space,"WFS, Inc.",Public,34.000 ,1000000,4.2,108000,Role Playing,Single player,Stylized,Anime,-,-
Brawl Stars ,Supercell,Public,38.717 ,100000000,4.1,22400000,Action,Shooter,Casual,Multiplayer,Competitive multiplayer,Stylized
White Cat Tennis,"COLOPL, Inc.",Public,47.000 ,1000000,3,79900,Sports,Tennis,Multiplayer,Competitive multiplayer,Single player,Stylized
White Cat Project,"COLOPL, Inc.",Public,27.790 ,5000000,3.9,212000,Role Playing,Action Role-Playing,Single player,Stylized,Anime,-
Stand My Heroes,coly,Public,30.857 ,100000,4.2,8890,Puzzle,Match 3,Match 3 adventure,Casual,Single player,Stylized
Final Fantasy Brave Exvius,SQUARE ENIX,Public,32.298 ,1000000,3.3,50500,Role Playing,Turn-based RPG,Single player,Stylized,Pixelated,-
Princess Connect! Re: Dive,Cygames,Public,30.826 ,1000000,4.1,59300,Role Playing,Action-strategy,Stylized,Anime,-,-
Shining Nikki,Nikki Inc,Private,36.000 ,100000,3.7,2940,Simulation,Lifestyle,Dress-up,Single player,Stylized,Anime
Castle & Dragon,"Asobism.Co.,Ltd",Private,36.442 ,1000000,4.1,62200,Strategy,Tower defense,Multiplayer,Competitive multiplayer,Single player,Stylized
Gyakuten Othellonia,"DeNA Co., Ltd.",Public,32.750 ,1000000,3.7,64600,Role Playing,Single player,Stylized,Anime,-,-
KonoSuba: God's Blessing on this Wonderful World! Fantastic Days,Sumzap Inc.,Private,37.467 ,500000,4.1,48100,Role Playing,Single player,Stylized,Anime,-,-
Dragon Quest Monsters Super Light ,SQUARE ENIX,Public,25.848 ,5000000,3.8,137000,Role Playing,-,-,-,-,-
Fire Emblem Heroes ,"Nintendo Co., Ltd.",Public,38.707 ,5000000,4.1,597000,Role Playing,Tactical,Multiplayer,Competitive multiplayer,Single player,Stylized
The Battle Cats,ponos corporation,Private,31.769 ,10000000,4.4,236000,Strategy,Tower defense,Single player,Stylized,-,-
OCTOPATH TRAVELER,SQUARE ENIX,Public,33.263 ,500000,3.8,25900,Role Playing,Turn-based RPG,Single player,Stylized,Pixelated,-
BlackStar -Theater Starless,Donuts Co. Ltd.,Private,46.000 ,100000,4.4,4230,Music,Single player,Stylized,Anime,-,-
Evertale ,ZigZaGame Inc.,Private,41.296 ,5000000,3.7,437000,Role Playing,Turn-based RPG,Casual,Multiplayer,Competitive multiplayer,Single player
Forsaken World: Gods and Demons,4399 NET LIMITED,Private,49.333 ,100000,3,4710,Role Playing,MMORPG,Single player,Stylized,Stylized-realistic,-
Clash Royale ,Supercell,Public,33.138 ,100000000,3.9,35700000,Strategy,Tactics,Casual,Multiplayer,Competitive multiplayer,Stylized
Tenchi no Gotoku,Six Waves Inc.,Public,45.250 ,100000,4.7,5670,Strategy,Build & battle,Single player,Stylized,Stylized-realistic,-
Yu-Gi-Oh! Duel Links ,KONAMI,Public,32.230 ,50000000,4.1,2220000,Card,Card battler,Multiplayer,Competitive multiplayer,Single player,Stylized
Top War: Battle Game ,Topwar Studio,Private,35.848 ,50000000,4.8,704000,Strategy,Build & battle,Multiplayer,Competitive multiplayer,Stylized,-
Ikémen Sengoku: Romances Across Time,"CYBIRD Co., Ltd.",Public,50.000 ,1000000,3.9,12700,Simulation,Life,Dating,Single player,Stylized,Anime
Shin Sangokushi,HK HERO ENTERTAINMENT CO.,Private,41.162 ,100000,2.8,6820,Strategy,Build & battle,Casual,Stylized,-,-
State of Survival,KingsGroup International AG,Public,42.400 ,500000,4.5,20500,Strategy,4X,Multiplayer,Competitive multiplayer,Single player,Stylized
SEGA New Creation Club ROAD to the WORLD,SEGA CORPORATION,Public,31.175 ,100000,4.1,16200,Sports,Coaching,Single player,Stylized,-,-
SINoALICE,"Pokelabo, Inc.",Public,35.109 ,1000000,4.1,86000,Role Playing,Single player,Stylized,Anime,-,-
Epic Seven ,Smilegate Megaport,Private,42.833 ,5000000,4.1,453000,Role Playing,Turn-based RPG,Multiplayer,Competitive multiplayer,Single player,Stylized
The Symphony of Dragon and Girls,BluStar Games Limited,Private,41.545 ,100000,4.6,24900,Role Playing,Casual,Stylized,Anime,-,-
Megido 72,DeNA,Public,38.167 ,500000,4.3,39900,Role Playing,Turn-based RPG,Single player,Stylized,Anime,-
Tales of the Rays,BANDAI NAMCO Entertainment Inc.,Public,39.000 ,500000,3.6,12500,Role Playing,Action Role-Playing,Multiplayer,Cooperative multiplayer,Single player,Stylized
LINE POP2 ,LINE Corporation,Public,48.500 ,10000000,4.4,238000,Puzzle,Match 3,Casual,Single player,Stylized,Cartoon
Merchant Wandering Record-Akindo's Rise Road,37games ,Private,39.721 ,500000,3.9,14100,Simulation,Management,Tycoon,Single player,Stylized,Ink wash painting
100 Sleeping Princes & the Kingdom of Dreams,GCREST ,Private,43.667 ,1000000,3.9,23700,Role Playing,Puzzle Role-playing,Single player,Stylized,Anime,-
Prince of Tennis: Rising Beat,Bushiroad ,Public,43.000 ,100000,4.2,9920,Music,Performance,Single player,Stylized,Anime,-
Azur Lane,"Yostar, Inc.",Private,34.141 ,1000000,4.2,40100,Role Playing,Action-strategy,Single player,Stylized,Anime,-
Summoners War ,Com2uS Corp.,Private,35.528 ,50000000,3.7,2360000,Role Playing,Turn-based RPG,Multiplayer,Competitive multiplayer,Single player,Stylized
One Piece Bounty Rush,BANDAI NAMCO Entertainment Inc.,Public,21.108 ,1000000,4.3,46900,Action,Fighting,Multiplayer,Stylized,Anime,-
Honkai Impact 3rd,株式会社miHoYo,Private,36.815 ,1000000,4,23600,Role Playing,Action Role-Playing,Casual,Stylized,Anime,-
"
Saint Seiya: Rising Cosm",Tencent ,Public,47.286 ,100000,3.8,23600,Role Playing,Single player,Multiplayer,Stylized,Anime,-
Puzzle & Dragons,"GungHo Online Entertainment, Inc.",Public,7.597 ,10000000,4.9,142000,Puzzle,Jigsaw,Casual,Single player,Realistic,Offline
LINE PokoPoko --Play with POKOTA! Free puzzler!,LINE ,Public,27.000 ,10000000,4.1,453000,Puzzle,Match 3,Casual,Stylized,Cartoon,-
Laguna Roque Origin,GungHo Online Entertainment,Public,37.636 ,100000,2.2,2020,Role Playing,MMORPG,Multiplayer,Cooperative multiplayer,Single player,Stylized
PUBG MOBILE ,KRAFTON Inc,Public,40.000 ,10000000,4.3,1230000,Action,Shooter,Tactical shooter,Casual,Multiplayer,Competitive multiplayer
Akashic Chronicle-Apocalypse Of Dawn,Moonton ,Private,49.000 ,100000,4.1,11400,Role Playing,Idle RPG,Single player,Stylized,Anime,-
FINAL FANTASY Record Keeper ,"DeNA Co., Ltd.",Public,36.583 ,1000000,4.1,297000,Role Playing,Turn-based RPG,Single player,Stylized,Pixelated,-
Hypnosismic -Alternative Rap Battle,"Idea Factory Plus Co., Ltd",Private,30.714 ,500000,5,27000,Music,Performance,Single player,Stylized,Anime,-
IDOLY PRIDE,"QualiArts, Inc.",Public,30.364 ,100000,4.3,8350,Music,Single player,Stylized,Anime,-,-
Animal Crossing: Pocket Camp ,"Nintendo Co., Ltd.",Public,41.667 ,10000000,3.9,782000,Simulation,Life,Single player,Stylized,Cartoon,-
For Whom the Alchemist Exists,gumi Inc.,Public,38.800 ,1000000,3.7,67300,Role Playing,Tactical,Single player,Stylized,Anime,-
Drift Spirits,BANDAI NAMCO Entertainment Inc.,Public,41.500 ,1000000,3.8,49400,Racing,Stunt driving,Multiplayer,Competitive multiplayer,Single player,Realistic
Gundam Battle: Gunpla Warfare,BANDAI NAMCO Entertainment Inc.,Public,46.500 ,500000,3.7,32100,Role Playing,Single player,Stylized,Anime,-,-
Uni's On Air,Akatsuki Inc.,Public,31.520 ,100000,4,15100,Music,Performance,Single player,Realistic,-,-
Nogikoi,"10ANTZ, Inc.",Private,37.714 ,500000,4.2,28600,Simulation,Life,Dating,Single player,Realistic,-
Ekimemo! -Station Memories!,"g1dash, Inc.",Private,47.714 ,500000,3.4,7500,Adventure,Single player,Stylized,Anime,-,-
Love Live! School Idol Festival ALL STARS,KLab Inc.,Public,38.182 ,100000,3.7,20900,Casual,Stylized,Anime,-,-,-
NieR Re[in]carnation ,SQUARE ENIX,Public,37.800 ,500000,3.8,27400,Role Playing,Action Role-Playing,Single player,Stylized,Anime,-
The Idolmaster: Million Live! Theater Days,BANDAI NAMCO Entertainment Inc.,Public,37.297 ,500000,4.4,16500,Music,Performance,Single player,Stylized,Anime,-
Utawarerumono: Lost Flag,AQUAPLUS,Private,31.467 ,100000,3.9,12100,Role Playing,Action-strategy,Single player,Stylized,Anime,-
Kingdom: Seven Flags,BANDAI NAMCO Entertainment Inc.,Public,35.583 ,500000,4,16400,Strategy,Wargame,Single player,Stylized,Anime,-
Dragon Quest: The Adventure of Dai,SQUARE ENIX,Public,32.000 ,100000,3.4,9370,Role Playing,Action Role-Playing,Single player,Stylized,Anime,-
J.League Club Championship,KONAMI,Public,42.125 ,100000,3.6,3450,Sports,Soccer,Multiplayer,Competitive multiplayer,Single player,Realistic
Final Fantasy Brave Exvius,SQUARE ENIX,Public,32.298 ,1000000,3.3,50500,Role Playing,Turn-based RPG,Single player,Stylized,Pixelated,-
Dragon Egg,Rudel inc.,Private,43.667 ,1000000,4.1,43200,Role Playing,Turn-based RPG,Single player,Stylized,Anime,-
Bleach: Brave Souls Anime Game ,KLab Inc.,Public,33.200 ,10000000,3.6,337000,Role Playing,Action Role-Playing,Multiplayer,Competitive multiplayer,Single player,Stylized
The Idolmaster: Shiny Colors,BANDAI NAMCO Entertainment,Public,37.300 ,100000,3.9,5420,Role Playing,-,-,-,-,-
Dissidia Final Fantasy: Opera Omnia,SQUARE ENIX,Public,43.667 ,500000,3.2,18700,Role Playing,Turn-based RPG,Single player,Stylized,Anime,-
Punishing: Gray Raven,HK HERO ENTERTAINMENT CO.,Private,33.111 ,100000,4.1,9170,Role Playing,Roguelike,Single player,Stylized,Anime,-
eFootball™ CHAMPION SQUADS ,KONAMI,Public,34.236 ,10000000,4.2,92200,Sports,Soccer,Casual,Multiplayer,Competitive multiplayer,Single player
A Certain Magical Index: Imaginary Fest,SQUARE ENIX,Public,38.917 ,100000,3.7,14100,Role Playing,Stylized,Anime,-,-,-
Captain Tsubasa: Dream Team,KLab Inc.,Public,40.571 ,500000,3.5,15000,Sports,Soccer,Single player,Stylized,Anime,-
Guardian Tales,"Kong Studios, Inc.",Private,28.744 ,500000,3.8,27900,Role Playing,Action Role-Playing,Single player,Stylized,Anime,-
Age of Three Kingdoms,Six Waves Inc.,Public,45.500 ,500000,4,4560,Strategy,Wargame,Single player,Stylized,Stylized-realistic,-
The Idolmaster SideM: Growing Stars,BANDAI NAMCO Entertainment Inc.,Public,33.167 ,100000,4,1850,Music,Performance,Single player,Stylized,Anime,-
Code Geass: Genesic Re;Code,Hakuhodo DY media partners Inc.,Public,38.125 ,100000,3.3,4420,Role Playing,Action-strategy,Single player,Stylized,Anime,-
Phantom of the Kill,gumi Inc.,Public,42.000 ,1000000,3.9,161000,Role Playing,Tactical,Single player,Stylized,Anime,-
D4DJ Groovy Mix,Bushiroad Inc.,Public,37.667 ,100000,4.3,11300,Music,Performance,Single player,Stylized,Anime,-
Lagunador,"Grams, Inc",Private,37.338 ,500000,4,20800,Role Playing,Single player,Stylized,Anime,-,-
Puyo Puyo !! Quest,SEGA CORPORATION,Public,34.600 ,5000000,4.1,84800,Role Playing,Puzzle Role-playing,Match 3 RPG,Single player,Stylized,Anime
Ragnarok Masters,"GungHo Online Entertainment, Inc.",Public,43.400 ,100000,0,0,Role Playing,MMORPG,Multiplayer,Cooperative multiplayer,Single player,Stylized
Summons Board,"GungHo Online Entertainment, Inc.",Public,41.500 ,1000000,4,96100,Role Playing,Tactical,Single player,Stylized,Anime,-
Kingdom Ran,DELUXE GAMES INC.,Public,38.179 ,10000,4.4,778,Single player,Stylized,-,-,-,-
That Time I Got Reincarnated as a Slime,BANDAI NAMCO Entertainment Inc.,Public,27.394 ,100000,4.2,32300,Role Playing,Turn-based RPG,Single player,Stylized,Anime,-
Disney Tsum Tsum Land,"COLOPL, Inc.",Public,38.286 ,1000000,3.7,45400,Puzzle,Bubble shooter,Casual,Single player,Stylized,Cartoon
Township,Playrix,Private,43.706 ,100000000,4,9610000,Simulation,Management,Farming,Casual,Single player,Stylized
Langrisser Mobile,ZlongGames,Private,42.000 ,100000,4,24900,Role Playing,Tactical,Single player,Stylized,Anime,-
Seven Knights 2,Netmarble Corporation,Public,39.333 ,1000000,3.6,71000,Role Playing,MMORPG,Casual,Multiplayer,Competitive multiplayer,Single player
HELIOS Rising Heroes,Happy Elements K.K,Private,48.000 ,100000,4.3,3660,Role Playing,Turn-based RPG,Single player,Stylized,Anime,-
Shinobi Master Senran Kagura: New Link,HONEY PARADE GAMES Inc.,Public,40.000 ,100000,3.1,8930,Role Playing,Casual,Stylized,Anime,-,-
Lineage W,NCSOFT,Public,30.934 ,1000000,4.5,147000,Role Playing,MMORPG,Multiplayer,Competitive multiplayer,Stylized,-
THE KING OF FIGHTERS '98UM OL,FINGERFUN PTE. LTD.,Private,47.500 ,1000000,3.9,20800,Action,Fighting,Casual,Stylized,Anime,-
Cookie Run: Kingdom,Devsisters,Public,47.000 ,10000000,4.2,986000,Role Playing,Action-strategy,Single player,Stylized,-,-
Hajime no Ippo: Fighting Souls,Rudel inc.,Private,49.000 ,100000,4.2,6530,Role Playing,Action-strategy,Single player,Stylized,Anime,-
Evony,TOP GAMES INC.,Public,41.000 ,100000000,4.6,801000,Strategy,Build & battle,Casual,Multiplayer,Competitive multiplayer,Single player
Nogizaka46 Rhythm Festival,AiiA Corporation,Private,34.375 ,100000,4.2,9830,Music,Performance,Single player,Realistic,-,-
The Ants: Underground Kingdom,StarUnion,Private,37.067 ,500000,4.1,30800,Strategy,Build & battle,Single player,Realistic,-,-
Sword Art Online Unleash Blading,BANDAI NAMCO Entertainment Inc.,Public,46.000 ,100000,3.7,18800,Role Playing,Turn-based RPG,Single player,Multiplayer,Stylized,Anime
Empires & Puzzles: Match-3 RPG,Small Giant Games,Public,42.667 ,50000000,4.1,2290000,Role Playing,Puzzle Role-playing,Match 3 RPG,Single player,Stylized,-
The Walking Dead: Survivors,Galaxy Play Technology Limited,Private,46.000 ,10000000,3.9,810000,Strategy,Build & battle,Multiplayer,Competitive multiplayer,Single player,Stylized
HINAKOI,"10ANTZ, Inc.",Private,34.706 ,100000,3.5,3820,Simulation,Life,Dating,Single player,Realistic,-
Millennium War Aigis A,EXNOA LLC,Private,41.333 ,100000,3.8,3200,Strategy,Tower defense,Single player,Stylized,Anime,-
WORLD FLIPPER,"Cygames, Inc.",Public,33.667 ,100000,3.5,11900,Role Playing,Single player,Stylized,Pixelated,-,-
Hōchi Shōjo: Hyakka Ryōran no Moehime-tachi,C4 CONNECT K.K.,Private,18.032 ,1000000,4.1,96900,Role Playing,Idle RPG,Single player,Stylized,Anime,-
Logres: Japanese RPG,Marvelous Inc.,Public,35.176 ,1000000,3.9,297000,Role Playing,Single player,Multiplayer,Stylized,Anime,-
Dragon Quest: Keshi Keshi!,SQUARE ENIX,Public,35.128 ,500000,3.8,34200,Puzzle,Match 3,Match 3 adventure,Single player,Stylized,Anime
Gran Saga,"Npixel Co., Ltd.",Private,34.548 ,100000,3.9,9840,Role Playing,Multiplayer,Cooperative multiplayer,Single player,Stylized,Anime
Mobile Suit Gundam U.C. ENGAGE,BANDAI NAMCO Entertainment Inc.,Public,33.588 ,100000,3.7,18300,Role Playing,Single player,Stylized,Anime,-,-
Shaman King: Funbari Chronicle,"Studio Z,Inc.",Private,31.588 ,100000,3.6,5030,Role Playing,Turn-based RPG,Single player,Stylized,Anime,-
Boku & Dragons,"studiorex Co.,Ltd.",Private,41.875 ,1000000,3.8,72800,Role Playing,Single player,Stylized,Anime,-,-
Tokyo Afterschool Summoners,"GOOD SMILE COMPANY, INC.",Private,38.000 ,100000,4.3,13400,Role Playing,Tactical,Casual,Single player,Stylized,Anime
La Corda d'Oro Starlight Orchestra,"KOEI TECMO GAMES CO., LTD.",Public,38.500 ,50000,3.8,1520,Simulation,Life,Single player,Stylized,Anime,-
Ensemble Stars!! Basic,Happy Elements K.K,Private,45.000 ,1000000,4.3,53400,Simulation,Life,Single player,Stylized,Anime,-
One Piece Bounty Rush,BANDAI NAMCO Entertainment Inc.,Public,21.108 ,1000000,4.3,46900,Action,Fighting,Multiplayer,Stylized,Anime,-
City Dunk 2,Cookies Inc.,Private,46.000 ,100000,4.1,4070,Sports,Basketball,Multiplayer,Competitive multiplayer,Single player,Stylized
Ragnarok Origin: MMORPG Online,"GungHo Online Entertainment, Inc.",Public,44.706 ,100000,2.2,2020,Role Playing,MMORPG,Multiplayer,Cooperative multiplayer,Single player,Stylized
Sengoku Fubu,Bekko.com,Private,41.500 ,1000000,4,37200,Strategy,Build & battle,Multiplayer,Competitive multiplayer,Single player,Stylized
Boso Retsuden Tansha No Tora,Donuts Co. Ltd.,Private,49.000 ,1000000,3.5,49600,Role Playing,Turn-based RPG,Single player,Stylized,-,-
Counter:Side,NEXON Company,Public,35.667 ,100000,4,3340,Role Playing,Action-strategy,Casual,Stylized,Anime,-
Artery Gear: Fusion,"BILIBILI CO.,LTD.",Private,49.000 ,100000,3.2,3380,Role Playing,Turn-based RPG,Casual,Stylized,Anime,-
Poker Chase,C-bet Inc.,Private,33.600 ,100000,3.7,3680,Casino,Table,Poker,Multiplayer,Competitive multiplayer,Single player
Touken Ranbu - ONLINE,EXNOA LLC,Private,36.455 ,1000000,4.5,43900,Role Playing,Turn-based RPG,Single player,Stylized,Anime,-
Net Mahjong Mobile,SEGA CORPORATION,Public,43.409 ,1000000,3.6,72200,Board,Abstract strategy,Mahjong,Multiplayer,Competitive multiplayer,Single player
FINAL FANTASY BRAVE EXVIUS,SQUARE ENIX,Public,32.298 ,1000000,3.3,50500,Role Playing,Turn-based RPG,Single player,Stylized,Pixelated,-
Shin Megami Tensei: Liberation Dx2,SEGA CORPORATION,Public,44.500 ,500000,3.8,21700,Role Playing,Turn-based RPG,Single player,Stylized,Anime,-
Alice Gear Aegis,"COLOPL, Inc.",Public,27.750 ,100000,3.9,10400,Action,Shooter,Single player,Stylized,Anime,-
Lineage 2: Revolution,Netmarble Corporation,Public,44.750 ,500000,2.9,25800,Role Playing,MMORPG,Multiplayer,Single player,Stylized,Stylized-realistic
Bravely Default Brilliant Lights,SQUARE ENIX,Public,41.000 ,100000,3.2,3200,Role Playing,Turn-based RPG,Single player,Stylized,Anime,-
Yu-Gi-Oh! Master Duel ,KONAMI,Public,22.925 ,1000000,3.6,141000,Card,Card battler,Casual,Multiplayer,Competitive multiplayer,Single player
THE IDOLM@STER POP LINKS,BANDAI NAMCO Entertainment Inc.,Public,50.000 ,100000,3.9,5420,Role Playing,-,-,-,-,-
Heaven Burns Red,"WFS, Inc.",Public,18.061 ,500000,4.2,36200,Role Playing,Turn-based RPG,Single player,Stylized,Anime,-
Attack on Titan Brave Order,enish Inc.,Private,42.333 ,100000,4,6670,Role Playing,Action-strategy,Single player,Stylized,Anime,-
Dream Meister and the Recollected Black Fairy,"GCREST,Inc.",Private,39.300 ,100000,4.2,5550,Role Playing,Action-strategy,Single player,Stylized,Anime,-
Royal Match,"Dream Games, Ltd.",Private,47.625 ,10000000,4,1430000,Puzzle,Match 3,Match 3 adventure,Casual,Single player,Stylized
Sky Heroes,YOUNG & FUN NETWORK TECHNOLOGY CO.LIMITED,Private,39.256 ,100000,4.1,8290,Role Playing,Action Role-Playing,Single player,Stylized,Anime,-
Jumputi Heroes,LINE,Public,36.760 ,1000000,3.9,33900,Role Playing,Puzzle Role-playing,Single player,Stylized,Anime,-
Quiz RPG: The World of Mystic Wiz,"COLOPL, Inc.",Public,37.000 ,5000000,3.9,102000,Role Playing,Turn-based RPG,Multiplayer,Cooperative multiplayer,Single player,Stylized
Mobile Legends: Bang Bang,"Shanghai Moonton Technology Co., Ltd.",Private,41.000 ,500000000,3.6,32200000,Casual,Stylized,-,-,-,-
Age of Origins:Tower Defense,"Hong Kong Ke Mo software Co., Limited",Private,28.213 ,10000000,4,477000,Strategy,4X,Multiplayer,Competitive multiplayer,Single player,Stylized
KOF ALLSTAR,Netmarble Corporation,Public,50.000 ,100000,3.3,15900,Action,Fighting,Single player,Stylized,Anime,-
Captain Tsubasa: Dream Team,KLab Inc.,Public,40.571 ,500000,3.5,15000,Sports,Soccer,Single player,Stylized,Anime,-
Best Eleven-CHAMPIONS CLUB,Gala Sports Technology Limited,Private,44.500 ,50000,4.2,1460,Sports,Coaching,Casual,Stylized,-,-
Mario Kart Tour,"Nintendo Co., Ltd.",Public,46.000 ,100000000,3.7,2080000,Racing,Kart,Single player,Stylized,Cartoon,-
Orient Arcadia,Qookka Entertainment Limited,Private,36.038 ,100000,4.4,15200,Role Playing,Turn-based RPG,Single player,Stylized,Anime,-
Azurea : Song of the Sky,ZlongGames,Private,36.117 ,100000,4,4380,Role Playing,MMORPG,Multiplayer,Cooperative multiplayer,Single player,Stylized
Yggdra Resonance,Nuverse KK,Private,38.500 ,100000,2.3,4280,Role Playing,Turn-based RPG,Casual,Single player,Stylized,Anime
Puzzles & Survival × G.I. Joe,37GAMES,Private,12.909 ,50000000,4.1,1470000,Puzzle,Jigsaw,Casual,Single player,Realistic,Offline
Echoes of Mana,SQUARE ENIX,Public,34.400 ,100000,2.9,5980,Action,Single player,Stylized,Anime,-,-
Hero Wars - Fantasy idle RPG,Nexters Global LTD,Private,27.587 ,50000000,4.1,1530000,Role Playing,Action-strategy,Single player,Stylized,-,-
Aglet,Onlife Ltd,Private,42.000 ,500000,3.3,4860,Simulation,Casual,Single player,Stylized,Offline,-
Apex Legends Mobile,Electronic Arts,Public,38.652 ,10000000,3.6,718000,Action,Shooter,Tactical shooter,Casual,Multiplayer,Competitive multiplayer
Code Geass: Lelouch of the Rebellion Lost Stories,EXNOA LLC,Private,30.068 ,100000,3.8,9480,Strategy,Tower defense,Stylized,Anime,-,-
eFootball™ 2022,KONAMI,Public,29.875 ,100000000,3.7,10700000,Sports,Soccer,Multiplayer,Competitive multiplayer,Single player,Realistic
Diablo Immortal,"Blizzard Entertainment, Inc.",Public,36.900 ,10000000,4.1,997000,Role Playing,Action Role-Playing,Multiplayer,Competitive multiplayer,Single player,Stylized
The Strongest Denden,QCPlay Inc.,Public,31.152 ,100000,4,9340,Adventure,Single player,Stylized,-,-,-
Shin Nobunaga's Ambition,HKBBGL,Private,31.185 ,100000,2.4,6790,Strategy,Wargame,Single player,Stylized,-,-
Eternal Tree,"BILIBILI CO.,LTD.",Private,35.333 ,50000,3.1,1420,Role Playing,Casual,Stylized,Anime,-,-
The Irregular at Magic High School Reloaded Memory,SQUARE ENIX,Public,34.778 ,50000,3.3,1890,Role Playing,Casual,Stylized,Anime,-,-
Slots GoldenHoYeah-Casino Slot,"International Games System Co., Ltd.",Private,40.000 ,10000000,3,465000,Casino,Slots,Casual,Single player,Stylized,-
Crash Fever,WonderPlanet Inc.,Public,38.000 ,1000000,4,142000,Role Playing,Puzzle Role-playing,Single player,Stylized,Anime,-
Grand Summoners - Anime RPG,"GOOD SMILE COMPANY, INC.",Private,40.000 ,500000,3.3,23000,Role Playing,Action-strategy,Single player,Stylized,Pixelated,-
BTS Island: In the SEOM,"HYBE IM Co.,Ltd.",Public,44.000 ,5000000,4.5,445000,Puzzle,Match 3,Match 3 adventure,Single player,Stylized,-
ALICE Fiction,WonderPlanet Inc.,Public,42.000 ,500000,4,54500,Role Playing,Puzzle Role-playing,Single player,Stylized,Anime,-
Lineage W,NCSOFT,Public,30.934 ,1000000,4.5,147000,Role Playing,MMORPG,Multiplayer,Competitive multiplayer,Stylized,-
Sengoku Enbu - KIZNA -,Sumzap Inc.,Private,39.552 ,1000000,3.7,13500,Role Playing,Single player,Stylized,-,-,-
Fullmetal Alchemist Mobile,SQUARE ENIX,Public,23.286 ,100000,3.1,14100,Role Playing,Tactical,Stylized,Anime,-,-
Tower of Fantasy,Level Infinite,Public,19.909 ,5000000,4,192000,Role Playing,MMORPG,Stylized,Anime,-,-
Survivor!.io,HABBY,Private,43.256 ,10000000,4.5,532000,Role Playing,Roguelike,Single player,Stylized,Offline,-
#COMPASS Live Arena,NHN PlayArt 株式会社,Public,25.500 ,100000,3.9,9380,Productivity,-,-,-,-,-
Genshin Impact - Sumeru Debut,COGNOSPHERE PTE. LTD.,Private,7.027 ,50000000,4.4,3810000,Role Playing,Action Role-Playing,Single player,Stylized,Anime,-
HINAKOI,"10ANTZ, Inc.",Private,34.706 ,100000,3.5,3820,Simulation,Life,Dating,Single player,Realistic,-
Touken Ranbu ONLINE Pocket,EXNOA LLC,Private,39.200 ,1000000,4.5,43900,Role Playing,Turn-based RPG,Single player,Stylized,Anime,-
eFootball™ 2023,KONAMI,Public,25.217 ,100000000,3.7,10700000,Sports,Soccer,Multiplayer,Competitive multiplayer,Single player,Realistic
Captain Tsubasa: Dream Team,KLab Inc.,Public,40.571 ,500000,3.5,15000,Sports,Soccer,Single player,Stylized,Anime,-
Dead by Daylight Mobile,NETEASE INTERACTIVE ENTERTAINMENT PTE. LTD,Public,46.000 ,1000000,3.8,33700,Action,Casual,Single player,Stylized,-,-
Forest Fantasy Legend of the World Tree,Spotlight Network Limited,Private,22.671 ,100000,4,18200,Role Playing,MMORPG,Multiplayer,Cooperative multiplayer,Single player,Stylized
Nogikoi,"10ANTZ, Inc.",Private,37.714 ,500000,4.2,28600,Simulation,Life,Dating,Single player,Realistic,-
Clash of Clans,Supercell,Public,32.400 ,500000000,4.4,59800000,Strategy,Build & battle,Casual,Single player,Multiplayer,Stylized
Re: Zero - Starting Life in Another World INFINITY,Level Infinite,Public,29.357 ,100000,4.2,4710,Role Playing,Turn-based RPG,Casual,Stylized,Anime,-
E.T.E Chronicle,"BILIBILI CO.,LTD.",Private,43.333 ,100000,3.6,3730,Role Playing,-,-,-,-,-
MementoMori: AFKRPG,"Bank of Innovation, Inc",Public,10.283 ,500000,4,44500,Role Playing,Tactical,Casual,Multiplayer,Competitive multiplayer,Single player
Magic Tower Reincarnation: Challenge to the Tough Guy,YUANLONG NETWORK LIMITED,Private,41.000 ,10000,3.4,1700,Role Playing,-,-,-,-,-
Dolphin Wave,HONEY PARADE GAMES Inc.,Public,30.133 ,100000,4,4360,Role Playing,-,-,-,-,-
Echocalypse,YOOZOO (SINGAPORE) PTE. LTD.,Public,25.105 ,500000,4.5,34900,Role Playing,Action-strategy,Casual,Single player,Stylized,Anime
Romancing SaGa Re: Universe,SQUARE ENIX,Public,16.818 ,1000000,3.8,75900,Role Playing,Turn-based RPG,Single player,Stylized,Pixelated,-
Shido no Hama – Daisangokushi,NetEase Games,Public,20.000 ,500000,4.3,16600,Strategy,Wargame,Multiplayer,Competitive multiplayer,Single player,Stylized
NEKO GOLF -Anime GOLF-,"COLOPL, Inc.",Public,39.000 ,1000000,4,29700,Sports,Golf,Casual,Multiplayer,Competitive multiplayer,Realistic
Path to Nowhere,AISNOGames,Private,45.200 ,1000000,4.3,80100,Role Playing,Tactical,Casual,Single player,Stylized,Anime
Date A Live Spirit Crisis,PANDA INTERACTIVE HONG KONG LIMITED,Private,35.500 ,50000,2.9,1100,Action,-,-,-,-,-
GODDESS OF VICTORY: NIKKE,Level Infinite,Public,3.167 ,1000000,4.1,318000,Role Playing,Action Role-Playing,Casual,Single player,Stylized,Anime
Mobile Suit Gundam: Iron-Blooded Orphans,Bandai Namco Entertainment Inc.,Public,41.667 ,50000,2.1,1340,Role Playing,-,-,-,-,-
Lords Mobile: Kingdom Wars,IGG.COM,Public,48.667 ,100000000,4.2,8010000,Strategy,4X,Casual,Multiplayer,Competitive multiplayer,Single player
The Eminence in Shadow: Master of Garden,Aiming Inc.,Public,20.250 ,100000,3.8,3300,Role Playing,-,-,-,-,-
Nobunaga's Ambition: Hadou,"KOEI TECMO GAMES CO., LTD.",Public,18.250 ,10000,3.5,1360,Simulation,-,-,-,-,-
Tales Weaver Second Run,NEXON Korea Corporation,Public,38.000 ,50000,3.4,1220,Role Playing,-,-,-,-,-
Romancing SaGa Re: Universe,SQUARE ENIX,Public,16.818 ,1000000,3.8,75900,Role Playing,Turn-based RPG,Single player,Stylized,Pixelated,-
Lineage W,NCSOFT,Public,30.934 ,1000000,4.5,147000,Role Playing,MMORPG,Multiplayer,Competitive multiplayer,Stylized,-
Neural Cloud,"Sunborn Japan Co., Ltd",Private,26.000 ,100000,4.2,3720,Role Playing,Tactical,Single player,Stylized,Anime,-
Tokyo Revengers Pazuribe! Road to National Domination,"GOODROID,Inc.",Private,25.000 ,50000,4,1740,Puzzle,-,-,-,-,-
Kirameki Paradise,Famous Heart Limited,Private,45.000 ,50000,4.7,855,Simulation,Lifestyle,Dress-up,Single player,Stylized,Stylized-realistic